sample	alignment_length	acgt_count	missing_count	missing_fraction
ERR14370750	4526	4460	66	0.014582
ERR14370934	4526	4472	54	0.011931
ERR14371053	4526	4482	44	0.009722
ERR14371121	4526	4477	49	0.010826
ERR15166681	4526	4440	86	0.019001
ERR16097103	4526	4377	149	0.032921
Reference	4526	4524	2	0.000442
SRR13870376	4526	4394	132	0.029165
SRR13870395	4526	4424	102	0.022536
SRR24222987	4526	4390	136	0.030049
SRR28351210	4526	4481	45	0.009943
